Código Produto,Nome Produto,Marca,Modelo,Esférico,Cilíndrico,Eixo
409066,LENTES CNT AIROPTIX COLORS 2P WB -00.00 HZ,AIROPTIX,COLORS 2P WB HZ,,,
426740,LENTES CNT ACUVUE OASYS AST -5.00 -1.75/150(8.6),ACUVUE,OASYS AST,-5.00,-1.75,150
217095,LENTES CNT ACUVUE OASYS AST -5.00 -1.75/10(8.6),ACUVUE,OASYS AST,-5.00,-1.75,10
89243,"LENTES CNT ACUVUE 2 -5,00 8.7",ACUVUE,2,-5.00,,
409064,LENTES CNT AIROPTIX COLORS 2P WB -00.00 GY,AIROPTIX,COLORS 2P WB GY,,,
89235,"LENTES CNT ACUVUE 2 -3,00 8.7",ACUVUE,2,-3.00,,
409067,LENTES CNT AIROPTIX COLORS 2P WB -00.00 ST,AIROPTIX,COLORS 2P WB ST,,,
409060,LENTES CNT AIROPTIX COLORS 2P WB -00.00 BL,AIROPTIX,COLORS 2P WB BL,,,
89236,"LENTES CNT ACUVUE 2 -3,25 8.7",ACUVUE,2,-3.25,,
89229,LENTES CNT ACUVUE 2 -1.50 8.7,ACUVUE,2,-1.50,,
166187,LENTES CNT ACUVUE OASYS AST -4.00 -0.75/10(8.6),ACUVUE,OASYS AST,-4.00,-0.75,10
163803,LENTES CNT ACUVUE OASYS AST +0.00 -1.25/10(8.6),ACUVUE,OASYS AST,+0.00,-1.25,10
396103,LENTES CNT ACUVUE OASYS AST +0.00 -1.50/10 8.6,ACUVUE,OASYS AST,+0.00,-1.50,10
142829,LENTES CNT ACUVUE OASYS -4.50 8.4,ACUVUE,OASYS,-4.50,,
142819,LENTES CNT ACUVUE OASYS -2.00 8.4,ACUVUE,OASYS,-2.00,,
89238,"LENTES CNT ACUVUE 2 -3,75 8.7",ACUVUE,2,-3.75,,
142827,LENTES CNT ACUVUE OASYS -4.00,ACUVUE,OASYS,-4.00,,
142826,LENTES CNT ACUVUE OASYS -3.75 8.4,ACUVUE,OASYS,-3.75,,
409063,LENTES CNT AIROPTIX COLORS 2P WB -00.00 GR,AIROPTIX,COLORS 2P WB GR,,,
142790,LENTES CNT ACUVUE OASYS +1.50,ACUVUE,OASYS,+1.50,,
178253,LENTES CNT ACUVUE OASYS AST -5.00 -1.25/150(8.6),ACUVUE,OASYS AST,-5.00,-1.25,150
178251,LENTES CNT ACUVUE OASYS AST -5.00 -0.75/10(8.6),ACUVUE,OASYS AST,-5.00,-0.75,10
142830,LENTES CNT ACUVUE OASYS -4.75 8.4,ACUVUE,OASYS,-4.75,,
142831,LENTES CNT ACUVUE OASYS -5.00,ACUVUE,OASYS,-5.00,,
89201,"LENTES CNT ACUVUE 2 +1,75",ACUVUE,2,+1.75,,
142821,LENTES CNT ACUVUE OASYS -2.50 8.4,ACUVUE,OASYS,-2.50,,
142822,LENTES CNT ACUVUE OASYS -2.75 8.4,ACUVUE,OASYS,-2.75,,
410500,LENTES CNT ACUVUE 1 DAY DEFINE SHIMMER +1.00,ACUVUE,1 DAY DEFINE SHIMMER,+1.00,,
395104,LENTES CNT ACUVUE OASYS AST -4.00 -0.75/10(8.6),ACUVUE,OASYS AST,-4.00,-0.75,10
318065,LENTES CNT 1 DAY MOIST AST 1DMA -1.25-1.25/20 (8.5,ACUVUE,OASYS 1 DAY MOIST AST,-1.25,-1.25,20
318210,LENTES CNT 1 DAY MOIST AST 1DMA -2.25-0.75/160 (8.,ACUVUE,OASYS 1 DAY MOIST AST,-2.25,-0.75,160
89227,"LENTES CNT ACUVUE 2 -1,00 8.7",ACUVUE,2,-1.00,,
177988,LENTES CNT ACUVUE OASYS AST -1.50 -0.75/10(8.6),ACUVUE,OASYS AST,-1.50,-0.75,10
178023,LENTES CNT ACUVUE OASYS AST -1.75 -1.25/10(8.6),ACUVUE,OASYS AST,-1.75,-1.25,10
142823,LENTES CNT ACUVUE OASYS -3.00 8.4,ACUVUE,OASYS,-3.00,,
89228,"LENTES CNT ACUVUE 2 -1,25 8.7",ACUVUE,2,-1.25,,
425914,LENTES CNT ACUVUE OASYS AST -0.75 -2.75/70(8.6),ACUVUE,OASYS AST,-0.75,-2.75,70
425870,LENTES CNT ACUVUE OASYS AST -0.50 -2.75/50(8.6),ACUVUE,OASYS AST,-0.50,-2.75,50
551944,LENTES CNT 1-D OASYS -4.50 8.5,ACUVUE,OASYS 1 DAY,-4.50,,
426231,LENTES CNT ACUVUE OASYS AST -3.00 -2.25/70(8.6),ACUVUE,OASYS AST,-3.00,-2.25,70
142847,LENTES CNT ACUVUE OASYS -12.00 8.4,ACUVUE,OASYS,-12.00,,
89245,"LENTES CNT ACUVUE 2 -5,50 8.7",ACUVUE,2,-5.50,,
142817,LENTES CNT ACUVUE OASYS -1.50 8.4,ACUVUE,OASYS,-1.50,,
557020,LENTES CNT ACUVUE OASYS AST -7.25 -4.00/165,ACUVUE,OASYS AST,-7.25,-4.00,165
142837,LENTES CNT ACUVUE OASYS -7.00 8.4,ACUVUE,OASYS,-7.00,,
142814,LENTES CNT ACUVUE OASYS -0.75 8.4,ACUVUE,OASYS,-0.75,,
89232,"LENTES CNT ACUVUE 2 -2,25 8.7",ACUVUE,2,-2.25,,
142816,LENTES CNT ACUVUE OASYS -1.25 (8.4),ACUVUE,OASYS,-1.25,,
89234,"LENTES CNT ACUVUE 2 -2,75 8.7",ACUVUE,2,-2.75,,
142825,LENTES CNT ACUVUE OASYS -3.50 8.4,ACUVUE,OASYS,-3.50,,
89233,LENTES CNT ACUVUE 2 -2.50 8.7,ACUVUE,2,-2.50,,
142833,LENTES CNT ACUVUE OASYS -5.50,ACUVUE,OASYS,-5.50,,
178261,LENTES CNT ACUVUE OASYS AST -5.25 -0.75/10(8.6),ACUVUE,OASYS AST,-5.25,-0.75,10
142828,LENTES CNT ACUVUE OASYS -4.25,ACUVUE,OASYS,-4.25,,
551934,LENTES CNT 1-D OASYS -2.00 8.5,ACUVUE,OASYS 1 DAY,-2.00,,
89239,"LENTES CNT ACUVUE 2 -4,00 8.7",ACUVUE,2,-4.00,,
395580,LENTES CNT ACUVUE OASYS AST -4.75 -2.25/150(8.6),ACUVUE,OASYS AST,-4.75,-2.25,150
426685,LENTES CNT ACUVUE OASYS AST -4.75 -1.75/20(8.6),ACUVUE,OASYS AST,-4.75,-1.75,20
375282,LENTES CNT ACUVUE OASYS AST -4.00 -0.75/110(8.6),ACUVUE,OASYS AST,-4.00,-0.75,110
178224,LENTES CNT ACUVUE OASYS AST -4.50 -0.75/10(8.6),ACUVUE,OASYS AST,-4.50,-0.75,10
142840,LENTES CNT ACUVUE OASYS -8.50,ACUVUE,OASYS,-8.50,,
142836,LENTES CNT ACUVUE OASYS -6.50 8.4,ACUVUE,OASYS,-6.50,,
902005,LENTES CNT ACUVUE OASYS -1.25 -0.75/80 8.6,ACUVUE,OASYS AST,-1.25,-0.75,80
142824,LENTES CNT ACUVUE OASYS -3.25 8.4,ACUVUE,OASYS,-3.25,,
306866,LENTES CNT ACUVUE OASYS AST -1.50 -1.25/100(8.6),ACUVUE,OASYS AST,-1.50,-1.25,100
425882,LENTES CNT ACUVUE OASYS AST -0.75 -1.25/60(8.6),ACUVUE,OASYS AST,-0.75,-1.25,60
142815,LENTES CNT ACUVUE OASYS -1.00 (8.4),ACUVUE,OASYS,-1.00,,
424266,LENTES CNT ACUVUE OASYS AST +1.50 -2.25/30(8.6),ACUVUE,OASYS AST,+1.50,-2.25,30
424249,LENTES CNT ACUVUE OASYS AST +1.50 -1.75/160(8.6),ACUVUE,OASYS AST,+1.50,-1.75,160
426266,LENTES CNT ACUVUE OASYS AST -3.25 -2.25/150(8.6),ACUVUE,OASYS AST,-3.25,-2.25,150
231026,LENTES CNT ACUVUE OASYS AST -2.25 -1.75/40(8.6),ACUVUE,OASYS AST,-2.25,-1.75,40
142820,LENTES CNT ACUVUE OASYS -2.25 8.4,ACUVUE,OASYS,-2.25,,
426998,LENTES CNT ACUVUE OASYS AST -5.75 -0.75/10(8.6),ACUVUE,OASYS AST,-5.75,-0.75,10
178235,LENTES CNT ACUVUE OASYS AST -4.75 -0.75/10(8.6),ACUVUE,OASYS AST,-4.75,-0.75,10
175796,LENTES CNT ACUVUE OASYS AST -4.50 -1.75/180(8.6),ACUVUE,OASYS AST,-4.50,-1.75,180
89231,"LENTES CNT ACUVUE 2 -2,00 8.7",ACUVUE,2,-2.00,,
177983,LENTES CNT ACUVUE OASYS AST -1.25 -1.75/180(8.6),ACUVUE,OASYS AST,-1.25,-1.75,180
178048,LENTES CNT ACUVUE OASYS AST -2.00 -1.25/180(8.6),ACUVUE,OASYS AST,-2.00,-1.25,180
178141,LENTES CNT ACUVUE OASYS AST -3.00 -2.25/10(8.6),ACUVUE,OASYS AST,-3.00,-2.25,10
395120,LENTES CNT ACUVUE OASYS AST -1.00 -2.75/180(8.6),ACUVUE,OASYS AST,-1.00,-2.75,180
425908,LENTES CNT ACUVUE OASYS AST -0.75 -2.75/180(8.6),ACUVUE,OASYS AST,-0.75,-2.75,180
395214,LENTES CNT ACUVUE OASYS AST -2.25 -1.00/155 8.6,ACUVUE,OASYS AST,-2.25,-1.00,155
178091,LENTES CNT ACUVUE OASYS AST -2.50 -0.75/180(8.6),ACUVUE,OASYS AST,-2.50,-0.75,180
423905,LENTES CNT ACUVUE OASYS AST +0.25 -2.75/180(8.6),ACUVUE,OASYS AST,+0.25,-2.75,180
426147,LENTES CNT ACUVUE OASYS AST -2.50 -2.75/10(8.6),ACUVUE,OASYS AST,-2.50,-2.75,10
426203,LENTES CNT ACUVUE OASYS AST -2.75 -2.75/170(8.6),ACUVUE,OASYS AST,-2.75,-2.75,170
426510,LENTES CNT ACUVUE OASYS AST -4.50 -1.75/100(8.6),ACUVUE,OASYS AST,-4.50,-1.75,100
395992,LENTES CNT ACUVUE OASYS AST -4.00 -2.75/80(8.6),ACUVUE,OASYS AST,-4.00,-2.75,80
142818,LENTES CNT ACUVUE OASYS -1.75 8.4,ACUVUE,OASYS,-1.75,,
89210,"LENTES CNT ACUVUE 2 +4,00",ACUVUE,2,+4.00,,
89198,"LENTES CNT ACUVUE 2 +1,00",ACUVUE,2,+1.00,,
142835,LENTES CNT ACUVUE OASYS -6.00 8.4,ACUVUE,OASYS,-6.00,,
395126,LENTES CNT ACUVUE OASYS AST +0.00 -2.75/180(8.6),ACUVUE,OASYS AST,+0.00,-2.75,180
370669,LENTES CNT ACUVUE OASYS AST -3.25 -0.75/10(8.6),ACUVUE,OASYS AST,-3.25,-0.75,10
426163,LENTES CNT ACUVUE OASYS AST -2.75 -0.75/110(8.6),ACUVUE,OASYS AST,-2.75,-0.75,110
551945,LENTES CNT 1-D OASYS -4.75 8.5,ACUVUE,OASYS 1 DAY,-4.75,,
551943,LENTES CNT 1-D OASYS -4.25,ACUVUE,OASYS 1 DAY,-4.25,,
518993,LENTES CNT ACUVUE 2 -7.25,ACUVUE,2,-7.25,,
89248,"LENTES CNT ACUVUE 2 -6,50",ACUVUE,2,-6.50,,
425796,LENTES CNT ACUVUE OASYS AST -0.25 -1.25/40(8.6),ACUVUE,OASYS AST,-0.25,-1.25,40
425784,LENTES CNT ACUVUE OASYS AST -0.25 -0.75/150(8.6),ACUVUE,OASYS AST,-0.25,-0.75,150
235463,LENTES CNT ACUVUE OASYS AST -2.75 -1.75/90(8.6),ACUVUE,OASYS AST,-2.75,-1.75,90
348088,LENTES CNT ACUVUE OASYS AST -3.25 -1.75/100(8.6),ACUVUE,OASYS AST,-3.25,-1.75,100
395380,LENTES CNT ACUVUE OASYS AST -1.50 -2.75/180(8.6),ACUVUE,OASYS AST,-1.50,-2.75,180
426119,LENTES CNT ACUVUE OASYS AST -2.25 -2.75/180(8.6),ACUVUE,OASYS AST,-2.25,-2.75,180
89247,"LENTES CNT ACUVUE 2 -6,00",ACUVUE,2,-6.00,,
500666,LENTES CNT ACUVUE OASYS AST -2.00 -1.00/180,ACUVUE,OASYS AST,-2.00,-1.00,180
360033,LENTES CNT ACUVUE OASYS AST -2.00 -1.00/145 8.6,ACUVUE,OASYS AST,-2.00,-1.00,145
355827,LENTES CNT ACUVUE OASYS AST -7.00 -2.25/160(8.6),ACUVUE,OASYS AST,-7.00,-2.25,160
427214,LENTES CNT ACUVUE OASYS AST -7.00 -1.75/10(8.6),ACUVUE,OASYS AST,-7.00,-1.75,10
173034,LENTES CNT ACUVUE OASYS AST -0.25 -0.75/10(8.6),ACUVUE,OASYS AST,-0.25,-0.75,10
426494,LENTES CNT ACUVUE OASYS AST -4.50 -0.75/170(8.6),ACUVUE,OASYS AST,-4.50,-0.75,170
313044,LENTES CNT ACUVUE OASYS AST -4.75 -2.25/20(8.6),ACUVUE,OASYS AST,-4.75,-2.25,20
917203,LENTES CNT ACUVUE OASYS AST +0.00 +0.75/180 8.6,ACUVUE,OASYS AST,+0.00,+0.75,180
178279,LENTES CNT ACUVUE OASYS AST -6.00 -0.75/180(8.6),ACUVUE,OASYS AST,-6.00,-0.75,180
308262,LENTES CNT ACUVUE OASYS AST -6.00 -1.25/10(8.6),ACUVUE,OASYS AST,-6.00,-1.25,10
89241,"LENTES CNT ACUVUE 2 -4,50 8.7",ACUVUE,2,-4.50,,
142845,LENTES CNT ACUVUE OASYS -11.00,ACUVUE,OASYS,-11.00,,
419160,LENTES CNT ACUVUE OASYS AST -0.25 -2.75/180(8.6),ACUVUE,OASYS AST,-0.25,-2.75,180
142844,LENTES CNT ACUVUE OASYS -10.50,ACUVUE,OASYS,-10.50,,
142788,LENTES CNT ACUVUE OASYS +1.00,ACUVUE,OASYS,+1.00,,
177911,LENTES CNT ACUVUE OASYS AST -0.50 -2.25/20(8.6),ACUVUE,OASYS AST,-0.50,-2.25,20
173479,LENTES CNT ACUVUE OASYS AST -2.75 -1.25/180(8.6),ACUVUE,OASYS AST,-2.75,-1.25,180
89219,"LENTES CNT ACUVUE 2 +6,50",ACUVUE,2,+6.50,,
89220,"LENTES CNT ACUVUE 2 +7,00",ACUVUE,2,+7.00,,
424996,LENTES CNT ACUVUE OASYS AST -8.50 -2.75/20(8.6),ACUVUE,OASYS AST,-8.50,-2.75,20
89244,"LENTES CNT ACUVUE 2 -5,25 8.7",ACUVUE,2,-5.25,,
178132,LENTES CNT ACUVUE OASYS AST -3.00 -0.75/160(8.6),ACUVUE,OASYS AST,-3.00,-0.75,160
218987,LENTES CNT ACUVUE OASYS AST -0.50 -1.25/20(8.6),ACUVUE,OASYS AST,-0.50,-1.25,20
413687,LENTES CNT ACUVUE OASYS AST -3.75 -2.75/170(8.6),ACUVUE,OASYS AST,-3.75,-2.75,170
426382,LENTES CNT ACUVUE OASYS AST -3.75 -2.75/20(8.6),ACUVUE,OASYS AST,-3.75,-2.75,20
177877,LENTES CNT ACUVUE OASYS AST -0.25 -1.25/180(8.6),ACUVUE,OASYS AST,-0.25,-1.25,180
551938,LENTES CNT 1-D OASYS -3.00 8.5,ACUVUE,OASYS 1 DAY,-3.00,,
551927,LENTES CNT 1-D OASYS -1.50 8.5,ACUVUE,OASYS 1 DAY,-1.50,,
178040,LENTES CNT ACUVUE OASYS AST -2.00 -0.75/180(8.6),ACUVUE,OASYS AST,-2.00,-0.75,180
142832,LENTES CNT ACUVUE OASYS -5.25,ACUVUE,OASYS,-5.25,,
423897,LENTES CNT ACUVUE OASYS AST +0.25 -2.75/10(8.6),ACUVUE,OASYS AST,+0.25,-2.75,10
177819,LENTES CNT ACUVUE OASYS AST +0.00 -1.75/160(8.6),ACUVUE,OASYS AST,+0.00,-1.75,160
177986,LENTES CNT ACUVUE OASYS AST -1.25 -2.25/10(8.6),ACUVUE,OASYS AST,-1.25,-2.25,10
89242,"LENTES CNT ACUVUE 2 -4,75",ACUVUE,2,-4.75,,
170194,LENTES CNT ACUVUE OASYS AST -2.50 -1.75/180(8.6),ACUVUE,OASYS AST,-2.50,-1.75,180
395103,LENTES CNT ACUVUE OASYS AST -1.75 -1.25/80(8.6),ACUVUE,OASYS AST,-1.75,-1.25,80
551937,LENTES CNT 1-D OASYS -2.75,ACUVUE,OASYS 1 DAY,-2.75,,
178036,LENTES CNT ACUVUE OASYS AST -2.00 -0.75/10(8.6),ACUVUE,OASYS AST,-2.00,-0.75,10
89253,"LENTES CNT ACUVUE 2 -9,00",ACUVUE,2,-9.00,,
89251,"LENTES CNT ACUVUE 2 -8,00 8.7",ACUVUE,2,-8.00,,
426465,LENTES CNT ACUVUE OASYS AST -4.25 -2.25/150(8.6),ACUVUE,OASYS AST,-4.25,-2.25,150
426545,LENTES CNT ACUVUE OASYS AST -4.50 -2.75/40(8.6),ACUVUE,OASYS AST,-4.50,-2.75,40
422119,LENTES CNT ACUVUE OASYS AST -0.50 -2.75/170(8.6),ACUVUE,OASYS AST,-0.50,-2.75,170
711850,LENTES CNT ACUVUE OASYS AST -0.50 -2.25/180 (8.6),ACUVUE,OASYS AST,-0.50,-2.25,180
294371,LENTES CNT ACUVUE OASYS AST -3.00 -1.25/170(8.6),ACUVUE,OASYS AST,-3.00,-1.25,170
178114,LENTES CNT ACUVUE OASYS AST -2.75 -1.25/10(8.6),ACUVUE,OASYS AST,-2.75,-1.25,10
178151,LENTES CNT ACUVUE OASYS AST -3.25 -1.25/180 8.6,ACUVUE,OASYS AST,-3.25,-1.25,180
426215,LENTES CNT ACUVUE OASYS AST -3.00 -1.25/150 8.6,ACUVUE,OASYS AST,-3.00,-1.25,150
142800,LENTES CNT ACUVUE OASYS +4.00,ACUVUE,OASYS,+4.00,,
142842,LENTES CNT ACUVUE OASYS -9.50,ACUVUE,OASYS,-9.50,,
178129,LENTES CNT ACUVUE OASYS AST -3.00 -0.75/10(8.6),ACUVUE,OASYS AST,-3.00,-0.75,10
142834,LENTES CNT ACUVUE OASYS -5.75,ACUVUE,OASYS,-5.75,,
425819,LENTES CNT ACUVUE OASYS AST -0.25 -2.75/10(8.6),ACUVUE,OASYS AST,-0.25,-2.75,10
177825,LENTES CNT ACUVUE OASYS AST +0.00 -2.25/10(8.6),ACUVUE,OASYS AST,+0.00,-2.25,10
142838,LENTES CNT ACUVUE OASYS -7.50,ACUVUE,OASYS,-7.50,,
344893,LENTES CNT ACUVUE OASYS AST -0.50 -1.25/120(8.6),ACUVUE,OASYS AST,-0.50,-1.25,120
390279,LENTES CNT ACUVUE OASYS AST -1.50 -0.75/80(8.6),ACUVUE,OASYS AST,-1.50,-0.75,80
177884,LENTES CNT ACUVUE OASYS AST -0.25 -2.25/10(8.6),ACUVUE,OASYS AST,-0.25,-2.25,10
89230,"LENTES CNT ACUVUE 2 -1,75 8.7",ACUVUE,2,-1.75,,
178191,LENTES CNT ACUVUE OASYS AST -4.00 -0.75/160(8.6),ACUVUE,OASYS AST,-4.00,-0.75,160
426294,LENTES CNT ACUVUE OASYS AST -3.50 -0.75/30(8.6),ACUVUE,OASYS AST,-3.50,-0.75,30
177565,LENTES CNT ACUVUE OASYS AST -2.25 -1.25/180(8.6),ACUVUE,OASYS AST,-2.25,-1.25,180
178105,LENTES CNT ACUVUE OASYS AST -2.50 -2.25/10(8.6),ACUVUE,OASYS AST,-2.50,-2.25,10
174444,LENTES CNT ACUVUE OASYS AST -3.25 -0.75/180(8.6),ACUVUE,OASYS AST,-3.25,-0.75,180
425003,LENTES CNT ACUVUE OASYS AST -9.00 -0.75/10(8.6),ACUVUE,OASYS AST,-9.00,-0.75,10
324449,LENTES CNT ACUVUE OASYS AST -5.00 -0.75/10(8.6),ACUVUE,OASYS AST,-5.00,-0.75,10
178181,LENTES CNT ACUVUE OASYS AST -3.75 -0.75/170(8.6),ACUVUE,OASYS AST,-3.75,-0.75,170
551939,LENTES CNT 1-D OASYS -3.25 8.5,ACUVUE,OASYS 1 DAY,-3.25,,
177934,LENTES CNT ACUVUE OASYS AST -0.75 -2.25/180(8.6),ACUVUE,OASYS AST,-0.75,-2.25,180
177963,LENTES CNT ACUVUE OASYS AST -1.00 -2.25/180(8.6),ACUVUE,OASYS AST,-1.00,-2.25,180
396218,LENTES CNT ACUVUE OASYS AST +0.00 -2.75/170(8.6),ACUVUE,OASYS AST,+0.00,-2.75,170
178142,LENTES CNT ACUVUE OASYS AST -3.00 -2.25/160(8.6),ACUVUE,OASYS AST,-3.00,-2.25,160
660767,LENTES CNT 1 DAY MOIST AST 1DMA -3.75 -1.25/150,ACUVUE,OASYS 1 DAY MOIST AST,-3.75,-1.25,150
326665,LENTES CNT 1 DAY MOIST AST 1DMA -6.50-0.75/180 (8.,ACUVUE,OASYS 1 DAY MOIST AST,-6.50,-0.75,180
178069,LENTES CNT ACUVUE OASYS AST -2.25 -0.75/180(8.6),ACUVUE,OASYS AST,-2.25,-0.75,180
174448,LENTES CNT ACUVUE OASYS AST +2.50 -0.75/180(8.6),ACUVUE,OASYS AST,+2.50,-0.75,180
318148,LENTES CNT 1 DAY MOIST AST 1DMA -1.75-1.25/80 (8.5,ACUVUE,OASYS 1 DAY MOIST AST,-1.75,-1.25,80
427194,LENTES CNT ACUVUE OASYS AST -7.00 -0.75/20(8.6),ACUVUE,OASYS AST,-7.00,-0.75,20
372095,LENTES CNT ACUVUE OASYS AST -7.50 -1.25/180(8.6),ACUVUE,OASYS AST,-7.50,-1.25,180
426749,LENTES CNT ACUVUE OASYS AST -5.00 -2.25/120(8.6),ACUVUE,OASYS AST,-5.00,-2.25,120
178031,LENTES CNT ACUVUE OASYS AST -1.75 -2.25/10(8.6),ACUVUE,OASYS AST,-1.75,-2.25,10
178027,LENTES CNT ACUVUE OASYS AST -1.75 -1.75/10(8.6),ACUVUE,OASYS AST,-1.75,-1.75,10
395583,LENTES CNT ACUVUE OASYS AST -2.75 -0.00/10 8.6,ACUVUE,OASYS AST,-2.75,-0.00,10
89237,"LENTES CNT ACUVUE 2 -3,50 8.7",ACUVUE,2,-3.50,,
345142,LENTES CNT ACUVUE OASYS AST -2.25 -0.75/70(8.6),ACUVUE,OASYS AST,-2.25,-0.75,70
395105,LENTES CNT ACUVUE OASYS AST -5.00 -2.75/10(8.6),ACUVUE,OASYS AST,-5.00,-2.75,10
290737,LENTES CNT ACUVUE OASYS AST -5.50 -1.25/180(8.6),ACUVUE,OASYS AST,-5.50,-1.25,180
175795,LENTES CNT ACUVUE OASYS AST -4.50 -2.25/180 8.6,ACUVUE,OASYS AST,-4.50,-2.25,180
426542,LENTES CNT ACUVUE OASYS AST -4.50 -2.75/180(8.6),ACUVUE,OASYS AST,-4.50,-2.75,180
178074,LENTES CNT ACUVUE OASYS AST -2.25 -1.25/10(8.6),ACUVUE,OASYS AST,-2.25,-1.25,10
178115,LENTES CNT ACUVUE OASYS AST -2.75 -1.25/160(8.6),ACUVUE,OASYS AST,-2.75,-1.25,160
178312,LENTES CNT ACUVUE OASYS AST -8.00 -1.75/160(8.6),ACUVUE,OASYS AST,-8.00,-1.75,160
394730,LENTES CNT ACUVUE OASYS AST -8.00 -0.75/180(8.6),ACUVUE,OASYS AST,-8.00,-0.75,180
89240,"LENTES CNT ACUVUE 2 -4,25 8.7",ACUVUE,2,-4.25,,
177933,LENTES CNT ACUVUE OASYS AST -0.75 -2.25/170(8.6),ACUVUE,OASYS AST,-0.75,-2.25,170
425909,LENTES CNT ACUVUE OASYS AST -0.75 -2.75/20(8.6),ACUVUE,OASYS AST,-0.75,-2.75,20
178113,LENTES CNT ACUVUE OASYS AST -2.75 -0.75/180(8.6),ACUVUE,OASYS AST,-2.75,-0.75,180
178303,LENTES CNT ACUVUE OASYS AST -7.00 -1.75/170(8.6),ACUVUE,OASYS AST,-7.00,-1.75,170
425830,LENTES CNT ACUVUE OASYS AST -0.25 -2.75/40(8.6),ACUVUE,OASYS AST,-0.25,-2.75,40
426027,LENTES CNT ACUVUE OASYS AST -1.75 -1.75/140(8.6),ACUVUE,OASYS AST,-1.75,-1.75,140
142791,LENTES CNT ACUVUE OASYS +1.75,ACUVUE,OASYS,+1.75,,
396508,LENTES CNT ACUVUE OASYS AST -3.50 -1.25/30(8.6),ACUVUE,OASYS AST,-3.50,-1.25,30
142794,LENTES CNT ACUVUE OASYS +2.50 8.4,ACUVUE,OASYS,+2.50,,
178166,LENTES CNT ACUVUE OASYS AST -3.50 -1.25/170(8.6),ACUVUE,OASYS AST,-3.50,-1.25,170
427253,LENTES CNT ACUVUE OASYS AST -7.00 -2.75/20(8.6),ACUVUE,OASYS AST,-7.00,-2.75,20
178080,LENTES CNT ACUVUE OASYS AST -2.25 -1.75/10(8.6),ACUVUE,OASYS AST,-2.25,-1.75,10
396223,LENTES CNT ACUVUE OASYS AST -2.25 -1.25/20(8.6),ACUVUE,OASYS AST,-2.25,-1.25,20
177987,LENTES CNT ACUVUE OASYS AST -1.25 -2.25/170(8.6),ACUVUE,OASYS AST,-1.25,-2.25,170
177958,LENTES CNT ACUVUE OASYS AST -1.00 -1.75/180(8.6),ACUVUE,OASYS AST,-1.00,-1.75,180
426361,LENTES CNT ACUVUE OASYS AST -3.75 -1.75/80(8.6),ACUVUE,OASYS AST,-3.75,-1.75,80
231846,LENTES CNT ACUVUE OASYS AST -3.75 -1.75/90(8.6),ACUVUE,OASYS AST,-3.75,-1.75,90
426282,LENTES CNT ACUVUE OASYS AST -3.25 -2.75/170(8.6),ACUVUE,OASYS AST,-3.25,-2.75,170
178157,LENTES CNT ACUVUE OASYS AST -3.25 -2.25/10(8.6),ACUVUE,OASYS AST,-3.25,-2.25,10
426611,LENTES CNT ACUVUE OASYS AST -8.50 -1.25/10(8.6),ACUVUE,OASYS AST,-8.50,-1.25,10
426833,LENTES CNT ACUVUE OASYS AST -8.00 -0.75/170(8.6),ACUVUE,OASYS AST,-8.00,-0.75,170
291207,LENTES CNT ACUVUE OASYS AST -1.75 -0.75/20(8.6),ACUVUE,OASYS AST,-1.75,-0.75,20
372292,LENTES CNT ACUVUE OASYS AST -8.00 -1.75/10(8.6),ACUVUE,OASYS AST,-8.00,-1.75,10
170197,LENTES CNT ACUVUE OASYS AST -2.25 -1.75/180(8.6),ACUVUE,OASYS AST,-2.25,-1.75,180
89246,"LENTES CNT ACUVUE 2 -5,75",ACUVUE,2,-5.75,,
426898,LENTES CNT ACUVUE OASYS AST -5.25 -1.75/10(8.6),ACUVUE,OASYS AST,-5.25,-1.75,10
178237,LENTES CNT ACUVUE OASYS AST -4.75 -0.75/180(8.6),ACUVUE,OASYS AST,-4.75,-0.75,180
551935,LENTES CNT 1-D OASYS -2.25 8.5,ACUVUE,OASYS 1 DAY,-2.25,,
551940,LENTES CNT 1-D OASYS -3.50 8.5,ACUVUE,OASYS 1 DAY,-3.50,,
166188,LENTES CNT ACUVUE OASYS AST -3.25 -1.25/10(8.6),ACUVUE,OASYS AST,-3.25,-1.25,10
217393,LENTES CNT ACUVUE OASYS AST -3.00 -1.75/170(8.6),ACUVUE,OASYS AST,-3.00,-1.75,170
89222,"LENTES CNT ACUVUE 2 +8,00",ACUVUE,2,"+8,00",,
340188,LENTES CNT ACUVUE OASYS AST -6.00 -0.75/10(8.6),ACUVUE,OASYS AST,-6.00,-0.75,10
390274,LENTES CNT ACUVUE OASYS AST -6.00 -1.25/170(8.6),ACUVUE,OASYS AST,-6.00,-1.25,170
178140,LENTES CNT ACUVUE OASYS AST -3.00 -1.75/180(8.6),ACUVUE,OASYS AST,-3.00,-1.75,180
178140,LENTES CNT ACUVUE OASYS AST -3.00 -1.75/180(8.6),ACUVUE,OASYS AST,-3.00,-1.75,180
902084,LENTES CNT ACUVUE MOIST -2.00 -2.25/180,ACUVUE,MOIST AST,-2.00,-2.25,180
219931,LENTES CNT ACUVUE OASYS AST -7.00 -1.25/180(8.6),ACUVUE,OASYS AST,-7.00,-1.25,180
396341,LENTES CNT ACUVUE OASYS AST -5.75 -1.75/180(8.6),ACUVUE,OASYS AST,-5.75,-1.75,180
178246,LENTES CNT ACUVUE OASYS AST -4.75 -1.75/180(8.6),ACUVUE,OASYS AST,-4.75,-1.75,180
427047,LENTES CNT ACUVUE OASYS AST -5.75 -2.25/20(8.6),ACUVUE,OASYS AST,-5.75,-2.25,20
178147,LENTES CNT ACUVUE OASYS AST -3.25 -0.75/170(8.6),ACUVUE,OASYS AST,-3.25,-0.75,170
142839,LENTES CNT ACUVUE OASYS -8.00,ACUVUE,OASYS,-8.00,,
551941,LENTES CNT 1-D OASYS -3.75,ACUVUE,OASYS 1 DAY,-3.75,,
142813,LENTES CNT ACUVUE OASYS -0.50 8.4,ACUVUE,OASYS,-0.50,,
551926,LENTES CNT 1-D OASYS -1.25 8.5,ACUVUE,OASYS 1 DAY,-1.25,,
551942,LENTES CNT 1-D OASYS -4.00 8.5,ACUVUE,OASYS 1 DAY,-4.00,,
426074,LENTES CNT ACUVUE OASYS AST -2.00 -2.75/180(8.6),ACUVUE,OASYS AST,-2.00,-2.75,180
178304,LENTES CNT ACUVUE OASYS AST -7.00 -1.75/180(8.6),ACUVUE,OASYS AST,-7.00,-1.75,180
178302,LENTES CNT ACUVUE OASYS AST -7.00 -1.25/10(8.6),ACUVUE,OASYS AST,-7.00,-1.25,10
551925,LENTES CNT 1-D OASYS -1.00 8.5,ACUVUE,OASYS 1 DAY,-1.00,,
426110,LENTES CNT ACUVUE OASYS AST -2.25 -2.75/10(8.6),ACUVUE,OASYS AST,-2.25,-2.75,10
178035,LENTES CNT ACUVUE OASYS AST -1.75 -2.25/20 8.6,ACUVUE,OASYS AST,-1.75,-2.25,20
426110,LENTES CNT ACUVUE OASYS AST -2.25 -2.75/10(8.6),ACUVUE,OASYS AST,-2.25,-2.75,10
551940,LENTES CNT 1-D OASYS -3.50 8.5,ACUVUE,OASYS 1 DAY,-3.50,,
551940,LENTES CNT 1-D OASYS -3.50 8.5,ACUVUE,OASYS 1 DAY,-3.50,,
551940,LENTES CNT 1-D OASYS -3.50 8.5,ACUVUE,OASYS 1 DAY,-3.50,,
551936,LENTES CNT 1-D OASYS -2.50,ACUVUE,OASYS 1 DAY,-2.50,,
551940,LENTES CNT 1-D OASYS -3.50 8.5,ACUVUE,OASYS 1 DAY,-3.50,,
426381,LENTES CNT ACUVUE OASYS AST -3.75 -2.75/180(8.6),ACUVUE,OASYS AST,-3.75,-2.75,180
426331,LENTES CNT ACUVUE OASYS AST -3.50 -2.75/180(8.6),ACUVUE,OASYS AST,-3.50,-2.75,180
551935,LENTES CNT 1-D OASYS -2.25 8.5,ACUVUE,OASYS 1 DAY,-2.25,,
89199,"LENTES CNT ACUVUE 2 +1,25 8.7",ACUVUE,OASYS 1 DAY,"+1,25",,
178010,LENTES CNT ACUVUE OASYS AST -1.50 -2.25/10(8.6),ACUVUE,OASYS AST,-1.50,-2.25,10
178269,LENTES CNT ACUVUE OASYS AST -5.50 -1.25/160(8.6),ACUVUE,OASYS AST,-5.50,-1.25,160
286880,LENTES CNT ACUVUE OASYS AST -5.25 -1.25/10(8.6),ACUVUE,OASYS AST,-5.25,-1.25,10
551935,LENTES CNT 1-D OASYS -2.25 8.5,ACUVUE,OASYS 1 DAY,-2.25,,
178207,LENTES CNT ACUVUE OASYS AST -4.00 -2.25/10(8.6),ACUVUE,OASYS AST,-4.00,-2.25,10
178161,LENTES CNT ACUVUE OASYS AST -3.50 -0.75/160(8.6),ACUVUE,OASYS AST,-3.50,-0.75,160
551941,LENTES CNT 1-D OASYS -3.75,ACUVUE,OASYS 1 DAY,-3.75,,
178084,LENTES CNT ACUVUE OASYS AST -2.25 -2.25/160(8.6),ACUVUE,OASYS AST,-2.25,-2.25,160
211103,LENTES CNT ACUVUE OASYS AST -2.75 -1.25/50(8.6),ACUVUE,OASYS AST,-2.75,-1.25,50
902084,LENTES CNT ACUVUE MOIST -2.00 -2.25/180,ACUVUE,MOIST AST,-2.00,-2.25,180
551946,LENTES CNT 1-D OASYS -5.00,ACUVUE,OASYS 1 DAY,-5.00,,
426275,LENTES CNT ACUVUE OASYS AST -3.25 -2.75/100(8.6),ACUVUE,OASYS AST,-3.25,-2.75,100
419159,LENTES CNT ACUVUE OASYS AST -3.00 -2.75/10(8.6),ACUVUE,OASYS AST,-3.00,-2.75,10
902084,LENTES CNT ACUVUE MOIST -2.00 -2.25/180,ACUVUE,MOIST AST,-2.00,-2.25,180
902084,LENTES CNT ACUVUE MOIST -2.00 -2.25/180,ACUVUE,MOIST AST,-2.00,-2.25,180
902084,LENTES CNT ACUVUE MOIST -2.00 -2.25/180,ACUVUE,MOIST AST,-2.00,-2.25,180
551925,LENTES CNT 1-D OASYS -1.00 8.5,ACUVUE,OASYS 1 DAY,-1.00,,
551925,LENTES CNT 1-D OASYS -1.00 8.5,ACUVUE,OASYS 1 DAY,-1.00,,
551925,LENTES CNT 1-D OASYS -1.00 8.5,ACUVUE,OASYS 1 DAY,-1.00,,
177810,LENTES CNT ACUVUE OASYS AST +0.00 -0.75/90(8.6),ACUVUE,OASYS AST,+0.00,-0.75,90
551925,LENTES CNT 1-D OASYS -1.00 8.5,ACUVUE,OASYS 1 DAY,-1.00,,
551936,LENTES CNT 1-D OASYS -2.50,ACUVUE,OASYS 1 DAY,-2.50,,
178186,LENTES CNT ACUVUE OASYS AST -3.75 -1.75/10(8.6),ACUVUE,OASYS AST,-3.75,-1.75,10
188470,LENTES CNT ACUVUE OASYS AST -3.75 -1.75/170(8.6),ACUVUE,OASYS AST,-3.75,-1.75,170
142792,LENTES CNT ACUVUE OASYS +2.00,ACUVUE,OASYS,+2.00,,
551949,LENTES CNT 1-D OASYS -5.75 8.5,ACUVUE,OASYS 1 DAY,-5.75,,
551928,LENTES CNT 1-D OASYS -1.75 8.5,ACUVUE,OASYS 1 DAY,-1.75,,
551935,LENTES CNT 1-D OASYS -2.25 8.5,ACUVUE,OASYS 1 DAY,-2.25,,
425861,LENTES CNT ACUVUE OASYS AST -0.50 -2.75/110(8.6),ACUVUE,OASYS AST,-0.50,-2.75,110
425861,LENTES CNT ACUVUE OASYS AST -0.50 -2.75/110(8.6),ACUVUE,OASYS AST,-0.50,-2.75,110
425984,LENTES CNT ACUVUE OASYS AST -1.25 -2.75/60(8.6),ACUVUE,OASYS AST,-1.25,-2.75,60
142795,LENTES CNT ACUVUE OASYS +2.75,ACUVUE,OASYS,+2.75,,
142813,LENTES CNT ACUVUE OASYS -0.50 8.4,ACUVUE,OASYS,-0.50,,
89249,"LENTES CNT ACUVUE 2 -7,00 8.7",ACUVUE,2,-7,,
177976,LENTES CNT ACUVUE OASYS AST -1.25 -1.25/170(8.6),ACUVUE,OASYS AST,-1.25,-1.25,170
177807,LENTES CNT ACUVUE OASYS AST +0.00 -0.75/170(8.6),ACUVUE,OASYS AST,+0.00,-0.75,170
142813,LENTES CNT ACUVUE OASYS -0.50 8.4,ACUVUE,OASYS,-0.50,,
426816,LENTES CNT ACUVUE OASYS AST -7.50 -2.75/160(8.6),ACUVUE,OASYS AST,-7.50,-2.75,160
426425,LENTES CNT ACUVUE OASYS AST -4.00 -2.75/30(8.6),ACUVUE,OASYS AST,-4.00,-2.75,30
551941,LENTES CNT 1-D OASYS -3.75,ACUVUE,OASYS 1 DAY,-3.75,,
551926,LENTES CNT 1-D OASYS -1.25 8.5,ACUVUE,OASYS 1 DAY,-1.25,,
551940,LENTES CNT 1-D OASYS -3.50 8.5,ACUVUE,OASYS 1 DAY,-3.50,,
326567,LENTES CNT 1 DAY MOIST AST 1DMA -5.50-1.75/160 (8.,ACUVUE,OASYS 1 DAY MOIST AST,-5.50,AST,
318651,LENTES CNT 1 DAY MOIST AST 1DMA -5.00-0.75/170 (8.,ACUVUE,OASYS 1 DAY MOIST AST,-5.00,AST,
178319,LENTES CNT ACUVUE OASYS AST -9.00 -1.25/180(8.6),ACUVUE,OASYS AST,-9.00,-1.25,180
142792,LENTES CNT ACUVUE OASYS +2.00,ACUVUE,OASYS,+2.00,,
551924,LENTES CNT 1-D OASYS -0.75 (8.5),ACUVUE,OASYS 1 DAY,-0.75,,
551926,LENTES CNT 1-D OASYS -1.25 8.5,ACUVUE,OASYS 1 DAY,-1.25,,
551924,LENTES CNT 1-D OASYS -0.75 (8.5),ACUVUE,OASYS 1 DAY,-0.75,,
178078,LENTES CNT ACUVUE OASYS AST -2.25 -1.25/170(8.6),ACUVUE,OASYS AST,-2.25,-1.25,170
551950,LENTES CNT 1-D OASYS -6.00 8.5,ACUVUE,OASYS 1 DAY,-6.00,,
551940,LENTES CNT 1-D OASYS -3.50 8.5,ACUVUE,OASYS 1 DAY,-3.50,,
551951,LENTES CNT 1D OASYS -6.50,ACUVUE,OASYS 1 DAY,-6.50,,
551936,LENTES CNT 1-D OASYS -2.50,ACUVUE,OASYS 1 DAY,-2.50,,
170257,LENTES CNT ACUVUE OASYS AST +0.00 -0.75/180(8.6),ACUVUE,OASYS AST,+0.00,-0.75,180
551928,LENTES CNT 1-D OASYS -1.75 8.5,ACUVUE,OASYS 1 DAY,-1.75,,
396340,LENTES CNT ACUVUE OASYS AST -5.75 -1.75/170(8.6),ACUVUE,OASYS AST,-5.75,-1.75,170
301878,LENTES CNT ACUVUE OASYS AST -4.50 -1.75/20(8.6),ACUVUE,OASYS AST,-4.50,-1.75,20
551948,LENTES CNT 1-D OASYS -5.50 8.5,ACUVUE,OASYS 1 DAY,-5.50,,
551950,LENTES CNT 1-D OASYS -6.00 8.5,ACUVUE,OASYS 1 DAY,-6.00,,
551950,LENTES CNT 1-D OASYS -6.00 8.5,ACUVUE,OASYS 1 DAY,-6.00,,
142797,LENTES CNT ACUVUE OASYS +3.25,ACUVUE,OASYS,+3.25,,
551926,LENTES CNT 1-D OASYS -1.25 8.5,ACUVUE,OASYS 1 DAY,-1.25,,
551942,LENTES CNT 1-D OASYS -4.00 8.5,ACUVUE,OASYS 1 DAY,-4.00,,
426766,LENTES CNT ACUVUE OASYS AST -5.00 -2.75/170(8.6),ACUVUE,OASYS AST,-5.00,-2.75,170
355453,LENTES CNT ACUVUE OASYS AST -5.00 -2.25/180(8.6),ACUVUE,OASYS AST,-5.00,-2.25,180
178164,LENTES CNT ACUVUE OASYS AST -3.50 -1.25/10(8.6),ACUVUE,OASYS AST,-3.50,-1.25,10
551941,LENTES CNT 1-D OASYS -3.75,ACUVUE,OASYS 1 DAY,-3.75,,
551954,LENTES CNT 1-D OASYS -8.00,ACUVUE,OASYS 1 DAY,-8.00,,
551936,LENTES CNT 1-D OASYS -2.50,ACUVUE,OASYS 1 DAY,-2.50,,
170192,LENTES CNT ACUVUE OASYS AST -4.00 -0.75/150(8.6),ACUVUE,OASYS AST,-4.00,-0.75,150
426343,LENTES CNT ACUVUE OASYS AST -3.75 -0.75/60(8.6),ACUVUE,OASYS AST,-3.75,-0.75,60
551942,LENTES CNT 1-D OASYS -4.00 8.5,ACUVUE,OASYS 1 DAY,-4.00,,
366328,LENTES CNT ACUVUE OASYS AST -5.50 -1.75/180(8.6),ACUVUE,OASYS AST,-5.50,-1.75,180
551947,LENTES CNT 1-D OASYS -5.25,ACUVUE,OASYS 1 DAY,-5.25,,
551946,LENTES CNT 1-D OASYS -5.00,ACUVUE,OASYS 1 DAY,-5.00,,
551936,LENTES CNT 1-D OASYS -2.50,ACUVUE,OASYS 1 DAY,-2.50,,
551925,LENTES CNT 1-D OASYS -1.00 8.5,ACUVUE,OASYS 1 DAY,-1.00,,
166227,LENTES CNT ACUVUE OASYS AST -4.75 -0.75/170(8.6),ACUVUE,OASYS AST,-4.75,-0.75,170
178092,LENTES CNT ACUVUE OASYS AST -2.50 -0.75/30(8.6),ACUVUE,OASYS AST,-2.50,-0.75,30
424057,LENTES CNT ACUVUE OASYS AST +0.75 -2.75/90(8.6),ACUVUE,OASYS AST,+0.75,-2.75,90
418173,LENTES CNT ACUVUE OASYS AST -2.00 -0.75/50(8.6),ACUVUE,OASYS AST,-2.00,-0.75,50
418173,LENTES CNT ACUVUE OASYS AST -2.00 -0.75/50(8.6),ACUVUE,OASYS AST,-2.00,-0.75,50
551941,LENTES CNT 1-D OASYS -3.75,ACUVUE,OASYS 1 DAY,-3.75,,
551926,LENTES CNT 1-D OASYS -1.25 8.5,ACUVUE,OASYS 1 DAY,-1.25,,
551947,LENTES CNT 1-D OASYS -5.25,ACUVUE,OASYS 1 DAY,-5.25,,
551942,LENTES CNT 1-D OASYS -4.00 8.5,ACUVUE,OASYS 1 DAY,-4.00,,
551946,LENTES CNT 1-D OASYS -5.00,ACUVUE,OASYS 1 DAY,-5.00,,
551950,LENTES CNT 1-D OASYS -6.00 8.5,ACUVUE,OASYS 1 DAY,-6.00,,
418787,LENTES CNT ACUVUE OASYS AST -1.75 -1.25/30(8.6),ACUVUE,OASYS AST,-1.75,-1.25,30
178090,LENTES CNT ACUVUE OASYS AST -2.50 -0.75/170(8.6),ACUVUE,OASYS AST,-2.50,-0.75,170
178175,LENTES CNT ACUVUE OASYS AST -3.50 -2.25/170(8.6),ACUVUE,OASYS AST,-3.50,-2.25,170
424971,LENTES CNT ACUVUE OASYS AST +3.75 -2.25/20(8.6),ACUVUE,OASYS AST,+3.75,-2.25,20
142798,LENTES CNT ACUVUE OASYS +3.50,ACUVUE,OASYS,+3.50,,
178168,LENTES CNT ACUVUE OASYS AST -3.50 -1.75/10(8.6),ACUVUE,OASYS AST,-3.50,-1.75,10
551936,LENTES CNT 1-D OASYS -2.50,ACUVUE,OASYS 1 DAY,-2.50,,
551940,LENTES CNT 1-D OASYS -3.50 8.5,ACUVUE,OASYS 1 DAY,-3.50,,
551941,LENTES CNT 1-D OASYS -3.75,ACUVUE,OASYS 1 DAY,-3.75,,
551926,LENTES CNT 1-D OASYS -1.25 8.5,ACUVUE,OASYS 1 DAY,-1.25,,
551950,LENTES CNT 1-D OASYS -6.00 8.5,ACUVUE,OASYS 1 DAY,-6.00,,
911408,LENTES CNT 1-D OASYS AST +1.00 -0.75/180,ACUVUE,OASYS 1 DAY AST,+1.00,-0.75,180
551897,LENTES CNT 1-D OASYS +0.75,ACUVUE,OASYS 1 DAY,+0.75,,
426331,LENTES CNT ACUVUE OASYS AST -3.50 -2.75/180(8.6),ACUVUE,OASYS AST,-3.50,-2.75,180
426283,LENTES CNT ACUVUE OASYS AST -3.25 -2.75/180(8.6),ACUVUE,OASYS AST,-3.25,-2.75,180
426331,LENTES CNT ACUVUE OASYS AST -3.50 -2.75/180(8.6),ACUVUE,OASYS AST,-3.50,-2.75,180
178013,LENTES CNT ACUVUE OASYS AST -1.50 -2.25/20(8.6),ACUVUE,OASYS AST,-1.50,-2.25,20
395148,LENTES CNT ACUVUE OASYS AST -1.50 -2.75/170(8.6),ACUVUE,OASYS AST,-1.50,-2.75,170
427092,LENTES CNT ACUVUE OASYS AST -6.00 -1.75/130(8.6),ACUVUE,OASYS AST,-6.00,-1.75,130
551928,LENTES CNT 1-D OASYS -1.75 8.5,ACUVUE,OASYS 1 DAY,-1.75,,
426402,LENTES CNT ACUVUE OASYS AST -4.00 -1.75/60(8.6),ACUVUE,OASYS AST,-4.00,-1.75,60
178196,LENTES CNT ACUVUE OASYS AST -4.00 -1.25/170(8.6),ACUVUE,OASYS AST,-4.00,-1.25,170
178193,LENTES CNT ACUVUE OASYS AST -4.00 -0.75/180(8.6),ACUVUE,OASYS AST,-4.00,-0.75,180
551940,LENTES CNT 1-D OASYS -3.50 8.5,ACUVUE,OASYS 1 DAY,-3.50,,
178193,LENTES CNT ACUVUE OASYS AST -4.00 -0.75/180(8.6),ACUVUE,OASYS AST,-4.00,-0.75,180
426493,LENTES CNT ACUVUE OASYS AST -4.50 -0.75/150(8.6),ACUVUE,OASYS AST,-4.50,-0.75,150
551935,LENTES CNT 1-D OASYS -2.25 8.5,ACUVUE,OASYS 1 DAY,-2.25,,
177957,LENTES CNT ACUVUE OASYS AST -1.00 -1.75/170(8.6),ACUVUE,OASYS AST,-1.00,-1.75,170
551942,LENTES CNT 1-D OASYS -4.00 8.5,ACUVUE,OASYS 1 DAY,-4.00,,
218354,LENTES CNT ACUVUE OASYS AST -5.00 -1.25/10(8.6),ACUVUE,OASYS AST,-5.00,-1.25,10
178254,LENTES CNT ACUVUE OASYS AST -5.00 -1.25/160(8.6),ACUVUE,OASYS AST,-5.00,-1.25,160
551925,LENTES CNT 1-D OASYS -1.00 8.5,ACUVUE,OASYS 1 DAY,-1.00,,
551935,LENTES CNT 1-D OASYS -2.25 8.5,ACUVUE,OASYS 1 DAY,-2.25,,
551936,LENTES CNT 1-D OASYS -2.50,ACUVUE,OASYS 1 DAY,-2.50,,
551924,LENTES CNT 1-D OASYS -0.75 (8.5),ACUVUE,OASYS 1 DAY,-0.75,,
551936,LENTES CNT 1-D OASYS -2.50,ACUVUE,OASYS 1 DAY,-2.50,,
551936,LENTES CNT 1-D OASYS -2.50,ACUVUE,OASYS 1 DAY,-2.50,,
551936,LENTES CNT 1-D OASYS -2.50,ACUVUE,OASYS 1 DAY,-2.50,,
551935,LENTES CNT 1-D OASYS -2.25 8.5,ACUVUE,OASYS 1 DAY,-2.25,,
178082,LENTES CNT ACUVUE OASYS AST -2.25 -1.75/170(8.6),ACUVUE,OASYS AST,-2.25,-1.75,170
178082,LENTES CNT ACUVUE OASYS AST -2.25 -1.75/170(8.6),ACUVUE,OASYS AST,-2.25,-1.75,170
324701,LENTES CNT ACUVUE OASYS AST -3.25 -1.25/90(8.6),ACUVUE,OASYS AST,-3.25,-1.25,90
178118,LENTES CNT ACUVUE OASYS AST -2.75 -1.25/80(8.6),ACUVUE,OASYS AST,-2.75,-1.25,80
177966,LENTES CNT ACUVUE OASYS AST -1.25 -0.75/100 8.6,ACUVUE,OASYS AST,-1.25,-0.75,100
340188,LENTES CNT ACUVUE OASYS AST -6.00 -0.75/10(8.6),ACUVUE,OASYS AST,-6.00,-0.75,10
390274,LENTES CNT ACUVUE OASYS AST -6.00 -1.25/170(8.6),ACUVUE,OASYS AST,-6.00,-1.25,170
424971,LENTES CNT ACUVUE OASYS AST +3.75 -2.25/20(8.6),ACUVUE,OASYS AST,+3.75,-2.25,20
424971,LENTES CNT ACUVUE OASYS AST +3.75 -2.25/20(8.6),ACUVUE,OASYS AST,+3.75,-2.25,20
142798,LENTES CNT ACUVUE OASYS +3.50,ACUVUE,OASYS,+3.50,,
551925,LENTES CNT 1-D OASYS -1.00 8.5,ACUVUE,OASYS 1 DAY,-1.00,,
551936,LENTES CNT 1-D OASYS -2.50,ACUVUE,OASYS 1 DAY,-2.50,,